-- phpMyAdmin SQL Dump
-- version 5.1.3
-- https://www.phpmyadmin.net/
--
-- Servidor: 127.0.0.1
-- Tiempo de generación: 09-05-2022 a las 18:32:41
-- Versión del servidor: 10.4.24-MariaDB
-- Versión de PHP: 7.4.29

SET SQL_MODE = "NO_AUTO_VALUE_ON_ZERO";
START TRANSACTION;
SET time_zone = "+00:00";


/*!40101 SET @OLD_CHARACTER_SET_CLIENT=@@CHARACTER_SET_CLIENT */;
/*!40101 SET @OLD_CHARACTER_SET_RESULTS=@@CHARACTER_SET_RESULTS */;
/*!40101 SET @OLD_COLLATION_CONNECTION=@@COLLATION_CONNECTION */;
/*!40101 SET NAMES utf8mb4 */;

--
-- Base de datos: `unidadesmedicas`
--

-- --------------------------------------------------------

--
-- Estructura de tabla para la tabla `consultorio`
--

CREATE TABLE `consultorio` (
  `id` int(11) NOT NULL,
  `id_consultorio` int(11) NOT NULL,
  `nom_consultorio` varchar(10) NOT NULL,
  `id_unidadmedica` int(11) NOT NULL
) ENGINE=InnoDB DEFAULT CHARSET=utf8mb4;

--
-- Volcado de datos para la tabla `consultorio`
--

INSERT INTO `consultorio` (`id`, `id_consultorio`, `nom_consultorio`, `id_unidadmedica`) VALUES
(1, 13356, '01', 1),
(2, 13357, '02', 1),
(3, 13359, '01D', 1),
(4, 13528, '01', 2),
(5, 13530, '02', 2),
(6, 13532, '03', 2),
(7, 13533, '04', 2),
(8, 13534, '05', 2),
(9, 13535, '06', 2),
(10, 13536, '07', 2),
(11, 13537, '08', 2),
(12, 13538, '09', 2),
(13, 13539, '10', 2),
(14, 13540, '11', 2),
(15, 13541, '12', 2),
(16, 13529, '01D', 2),
(17, 13531, '02D', 2),
(18, 0, '01', 3),
(19, 0, '02', 3),
(20, 0, '03', 3),
(21, 0, '04', 3),
(22, 0, '05', 3),
(28, 16145, '02', 4),
(29, 16146, '03', 4),
(30, 16147, '01D', 4),
(31, 16150, '01DH', 4),
(32, 16144, '02DH', 4),
(33, 0, '01', 5),
(34, 16148, '01', 6),
(35, 16149, '02', 6),
(36, 15804, '03DH', 6),
(37, 15806, '05DH', 6),
(38, 13181, '01', 7),
(39, 13184, '02', 7),
(40, 0, '03', 7),
(41, 13186, '05', 7),
(42, 13187, '06', 7),
(43, 0, '07', 7),
(44, 0, '08', 7),
(45, 0, '09', 7),
(46, 13182, '12', 7),
(47, 0, '14', 7),
(48, 13371, '15', 7),
(49, 13372, '16', 7),
(50, 13183, '11D', 7),
(51, 13323, '13D', 7),
(52, 0, '01DH', 7),
(53, 15490, '03M', 7),
(54, 15491, '04SR', 7),
(55, 15492, '06DH', 7),
(56, 15493, '10DH', 7),
(57, 15494, '14DH', 7),
(58, 15495, '17PS', 7),
(59, 13374, '18G', 7),
(60, 15496, '19N', 7),
(63, 15548, '01 DH', 1),
(64, 15549, '02 DH', 1),
(65, 15553, '06DH', 1),
(66, 15554, '07DH', 1),
(67, 15555, '08DH', 1),
(68, 15556, '09DH', 1),
(69, 15557, '10DH', 1),
(70, 15558, '11DH', 1),
(71, 15559, '12DH', 1),
(72, 15560, '13DH', 1),
(73, 15561, '14DH', 1),
(74, 15562, '15DH', 1),
(75, 15563, '01PS', 1),
(76, 15564, '01G', 1),
(77, 15565, '01N', 1),
(78, 15566, '16DH', 1);

-- --------------------------------------------------------

--
-- Estructura de tabla para la tabla `delegaciones`
--

CREATE TABLE `delegaciones` (
  `id` int(11) NOT NULL,
  `ur` int(11) NOT NULL,
  `nom_delegacion` varchar(50) NOT NULL
) ENGINE=InnoDB DEFAULT CHARSET=utf8mb4;

--
-- Volcado de datos para la tabla `delegaciones`
--

INSERT INTO `delegaciones` (`id`, `ur`, `nom_delegacion`) VALUES
(1, 93, 'ZONA SUR'),
(2, 13, 'HIDALGO'),
(3, 15, 'ESTADO DE MÉXICO');

-- --------------------------------------------------------

--
-- Estructura de tabla para la tabla `medico`
--

CREATE TABLE `medico` (
  `id` int(11) NOT NULL,
  `id_medico` int(11) NOT NULL,
  `nom_medico` varchar(50) NOT NULL,
  `rfc` varchar(20) NOT NULL,
  `cedula` int(11) NOT NULL,
  `n_empleado` int(11) NOT NULL,
  `servicio` varchar(20) NOT NULL,
  `turno` varchar(15) NOT NULL,
  `h_inicial` varchar(10) NOT NULL,
  `h_final` varchar(10) NOT NULL,
  `t_consulta` int(11) NOT NULL,
  `n_citas` int(11) NOT NULL,
  `observaciones` varchar(100) NOT NULL,
  `cargo` varchar(50) NOT NULL,
  `id_consultorio` int(11) NOT NULL
) ENGINE=InnoDB DEFAULT CHARSET=utf8mb4;

--
-- Volcado de datos para la tabla `medico`
--

INSERT INTO `medico` (`id`, `id_medico`, `nom_medico`, `rfc`, `cedula`, `n_empleado`, `servicio`, `turno`, `h_inicial`, `h_final`, `t_consulta`, `n_citas`, `observaciones`, `cargo`, `id_consultorio`) VALUES
(20, 9650, 'SIN MÉDICO', '', 0, 0, 'MEDICINA FAMILIAR', 'MATUTINO', '08:00', '08:00', 15, 0, 'INHABILITADO', '', 38),
(21, 9987, 'SIN MÉDICO', '', 0, 0, 'MEDICINA FAMILIAR', 'VESPERTINO', '14:00', '14:00', 15, 0, 'INHABILITADO', '', 38),
(22, 9356, 'DR. JORGE AVELINO VAZQUEZ', 'AEVJ7406129R0', 292468, 259450, 'MEDICINA FAMILIAR', 'MATUTINO', '08:00', '14:00', 15, 24, 'ANEXO 1', '', 39),
(23, 9163, 'SIN MÉDICO', '', 0, 0, 'MEDICINA FAMILIAR', 'VESPERTINO', '14:00', '14:00', 15, 0, 'INHABILITADO', '', 39),
(24, 9352, 'SIN MÉDICO', '', 0, 0, 'MEDICINA FAMILIAR', 'MATUTINO', '08:00', '08:00', 15, 0, 'INHABILITADO', '', 40),
(25, 9030, 'SIN MÉDICO', '', 0, 0, 'MEDICINA FAMILIAR', 'VESPERTINO', '14:00', '14:00', 15, 0, 'INHABILITADO', '', 40),
(26, 8894, 'SIN MÉDICO', '', 0, 0, 'MEDICINA FAMILIAR', 'MATUTINO', '08:00', '08:00', 15, 0, 'INHABILITADO', '', 41),
(27, 10073, 'DRA. BERENICE ÁLVAREZ VICTORIA', 'AAVB830501', 7575642, 380806, 'MEDICINA FAMILIAR', 'VESPERTINO', '14:00', '20:00', 15, 24, 'ANEXO 2', '', 41),
(28, 12071, 'DRA. JENNY AMÉRICA ROMERO PLANCARTE', 'ROPJ781102', 4209086, 331875, 'MEDICINA FAMILIAR', 'MATUTINO', '08:00', '14:00', 15, 18, 'ANEXO 3', '', 42),
(29, 9217, 'DRA. SANDRA IRENE HERNANDEZ TORRES', 'HETS840703D55', 6093106, 317564, 'MEDICINA FAMILIAR', 'VESPERTINO', '14:00', '20:00', 15, 18, 'ANEXO 3', '', 42),
(30, 8795, 'SIN MÉDICO', '', 0, 0, 'MEDICINA FAMILIAR ', 'MATUTINO', '08:00', '14:00', 15, 18, 'INHABILITADO', '', 43),
(31, 9732, 'SIN MÉDICO', '', 0, 0, 'MEDICINA FAMILIAR', 'VESPERTINO', '14:00', '14:00', 15, 0, 'INHABILITADO', '', 43),
(32, 9577, 'SIN MÉDICO', '', 0, 0, 'MEDICINA FAMILIAR', 'MATUTINO', '08:00', '08:00', 15, 0, 'INHABILITADO', '', 44),
(33, 9280, 'SIN MÉDICO', '', 0, 0, 'MEDICINA FAMILIAR', 'MATUTINO', '08:00', '08:00', 15, 0, 'INHABILITADO', '', 45),
(34, 11617, 'SIN MÉDICO', '', 0, 0, 'MEDICINA FAMILIAR', 'VESPERTINO', '14:00', '20:00', 15, 0, 'INHABILITADO', '', 45),
(35, 9080, 'DRA. MARÍA ARACELI JARDINES DE LA LUZ', 'JALA841119', 7688865, 384929, 'MEDICINA FAMILIAR', 'MATUTINO', '08:00', '14:00', 15, 18, 'ANEXO 4', '', 46),
(36, 9596, 'SIN MEDICO', '', 0, 0, 'MEDICINA  FAMILIAR', 'VESPERTINO', '14:00', '14:00', 15, 0, 'INHABILITADO', '', 46),
(37, 10723, 'SIN MEDICO', '', 0, 0, 'MEDICINA FAMILIAR', 'MATUTINO', '08:00', '08:00', 15, 0, 'INHABILITADO', '', 47),
(38, 11080, 'SIN MÉDICO', '', 0, 0, 'MEDICINA FAMILIAR', 'VESPERTINO', '14:00', '14:00', 15, 0, 'INHABILITADO', '', 47),
(39, 9980, 'SIN MEDICO', '', 0, 0, 'MEDICINA FAMILIAR', 'MATUTINO', '08:00', '08:00', 15, 0, 'INHABILITADO', '', 48),
(40, 11081, 'DR. MISAEL DOMINGUEZ RUIZ', 'DORM841103', 5893294, 373056, 'MEDICINA FAMILIAR', 'VESPERTINO', '14:00', '20:00', 15, 18, 'ANEXO 5', '', 48),
(41, 10075, 'SIN MÉDICO', '', 0, 0, 'MEDICINA FAMILIAR', 'MATUTINO', '08:00', '08:00', 15, 0, 'INHABILITADO', '', 49),
(42, 14034, 'DRA. ISABEL REYNA GUADARRAMA HUERTA', 'GUHI751013', 3075978, 290387, 'MEDICINA FAMILIAR', 'VESPERTINO', '14:00', '20:00', 15, 18, 'ANEXO 6', '', 49),
(43, 9242, 'DRA. AURORA CONTRERAS POBLANO', 'COPA781014', 3672654, 302793, 'ODONTOLOGIA', 'MATUTINO', '08:00', '14:00', 30, 12, 'ABIERTO (ENERO A JUNIO)', '', 50),
(44, 10074, 'SIN MÉDICO', '', 0, 0, 'ODONTOLOGIA', 'VESPERTINO', '14:00', '14:00', 30, 0, 'INHABILITADO', '', 50),
(45, 9941, 'DRA. ERNESTINA PAVON DELGADO', 'PACE790625', 4250481, 347188, 'ODONTOLOGIA', 'MATUTINO', '08:00', '14:00', 30, 12, 'ABIERTO (JULIO A DICIEMBRE)', '', 51),
(46, 9942, 'SIN MÉDICO', '', 0, 0, 'ODONTOLOGIA', 'VESPERTINO', '14:00', '14:00', 30, 0, 'INHABILITADO', '', 51),
(59, 13585, 'SIN MÉDICO (BAJA 28/05/2021)', '', 0, 0, 'DESAHOGADOR', 'MATUTINO', '08:00', '08:00', 15, 0, 'INHABILITADO', '', 52),
(60, 13586, 'DRA NAGHIELI MIRANDA PAZ', 'MIPN710915', 3196294, 316470, 'MIDE', 'MATUTINO', '07:00', '13:20', 20, 19, 'INHABILITADO', '', 53),
(61, 13587, 'SIN MÉDICO (BAJA 28/05/2021)', '', 0, 0, 'SALUD REPRODUCTIVA', 'MATUTINO', '08:00', '08:00', 20, 0, 'CONSULTORIO ESPECIAL', '', 54),
(62, 13588, 'DRA. AUREA BEATRIZ SOLIS PEREGRINA', 'SOPA670214CE6', 3508066, 237100, 'SALUD REPRODUCTIVA', 'VESPERTINO', '14:00', '20:00', 20, 18, 'CONSULTORIO ESPECIAL', '', 54),
(63, 13589, '', 'DORM841103', 5893294, 373056, 'DESAHOGADOR', 'VESPERTINO', '14:00', '20:00', 15, 24, 'CONSULTORIO ESPECIAL', '', 55),
(64, 13590, 'DRA. SONIA  LETICIA  CERECEDO HERNÁNDEZ', 'CEHS561124', 746914, 118213, 'DESAHOGADOR', 'MATUTINO', '08:00', '15:30', 15, 30, 'CONSULTORIO ESPECIAL', '', 56),
(65, 13591, 'DRA. MARIA EUGENIA ESTRADA GARCIA ', 'EAGE590201', 1368453, 161463, 'DESAHOGADOR', 'VESPERTINO', '14:00', '20:00', 15, 24, 'CONSULTORIO ESPECIAL', '', 57),
(66, 13592, 'LETICIA ROMERO AMPUDIA ', 'ROAL811228', 5343213, 325803, 'PSICOLOGIA', 'MATUTINO', '08:00', '14:00', 20, 18, 'CONSULTORIO ESPECIAL', '', 58),
(67, 13593, 'DRA. AURORA BUENSUCESO AGUILAR', 'BUAA660831', 2436997, 235759, 'GERIATRIA', 'MATUTINO', '08:00', '14:00', 20, 18, 'CONSULTORIO ESPECIAL', '', 59),
(68, 13594, 'SIN MÉDICO (BAJA 28/05/2021)', '', 0, 0, 'GERIATRIA', 'VESPERTINO', '14:00', '00:00', 20, 0, 'CONSULTORIO ESPECIAL', '', 59),
(69, 13595, 'LIC. CLAUDIA AURORA ROSALES GARCIA', 'ROGC760526', 5343819, 316770, 'NUTRICION', 'MATUTINO', '08:00', '14:00', 20, 18, 'CONSULTORIO ESPECIAL', '', 60),
(70, 0, 'DRA. MARIA LUISA VILLASEÑOR CASTILLO		', '', 0, 0, '', '', '', '', 0, 0, '', 'DIRECTORA', 60),
(71, 9660, 'DRA. VIRIDANA AVILES BAUTISTA', 'AIBV830201', 7885582, 364755, 'MEDICINA FAMILIAR', 'MATUTINO', '08:00', '14:00', 15, 24, 'observaciones', '', 1),
(72, 10938, 'DR. ANGEL CASASOLA ESTRADA', 'CAEA600907', 1392795, 137133, 'MEDICINA FAMILIAR', 'VESPERTINO', '14:00', '20:00', 15, 24, 'ANEXO 1', '', 1),
(73, 9476, 'DRA. MARIA DEL ROSARIO AGUILAR GUERRERO', 'AUGR660505', 1808260, 254793, 'MEDICINA FAMILIAR', 'MATUTINO', '08:00', '14:00', 15, 24, 'ANEXO 2', '', 2),
(74, 9407, 'DRA. ALEJANDRA ROJO VALDEZ', 'ROVA770327', 3820422, 282113, 'MEDICINA FAMILIAR', 'VESPERTINO', '14:30', '20:30', 15, 24, 'ANEXO 2', '', 2),
(75, 9730, 'DRA. MA. MARICELA JUDITH FERNÁNDEZ LÓPEZ', 'FELM620918', 2304184, 321881, 'ODONTOLOGÍA', 'MATUTINO', '08:00', '14:00', 30, 12, 'ABIERTO', '', 3),
(76, 12563, 'DR. JOSE DOLORES ROLDAN ALONSO', 'ROAD640320', 5568770, 376052, 'ODONTOLOGÍA', 'VESPERTINO', '14:00', '20:00', 30, 12, 'ABIERTO', '', 3),
(77, 13672, 'DR. CARLOS MARTINEZ RUEDA', 'MARC570914', 3224543, 128467, 'MEDICINA GENERAL', 'Matutino', '08:00', '16:00', 15, 32, '', '', 63),
(78, 13673, 'DR. ANGEL CASASOLA ESTRADA', 'CAEA600907', 1392795, 137133, 'MEDICINA GENERAL', 'VESPERTINO', '12:00', '19:30', 15, 30, 'SE ENCUENTRA SCMTI', '', 64),
(79, 13675, 'DRA. MARIA DEL ROSARIO AGUILAR GUERRERO', 'AUGR660505', 1808260, 254793, 'MEDICINA GENERAL', 'Vespertino', '14:00', '20:00', 15, 24, 'SE ENCUENTRA SCMTI', '', 65),
(80, 13676, 'DR. LUIS SANTOS LOPEZ', 'SALL680229', 2000195, 284899, 'MEDICINA GENERAL', 'Matutino', '08:00', '20:00', 15, 48, '', '', 66),
(81, 13677, 'DRA. EDNA YOLANDA PEREZ LOPEZ', 'PELE740808', 3732256, 307374, 'MEDICINA GENERAL', 'Matutino', '07:00', '15:00', 15, 32, '', '', 67),
(82, 13678, 'DRA. CIPATLI ORTIZ OLVERA', 'OIOC720615', 3732238, 317379, 'MEDICINA GENERAL', 'Vespertino', '14:00', '20:00', 15, 24, '', '', 68),
(83, 13679, 'DRA. KETRIN VICTORIA VELEZ NAIZIR', 'VENK710306', 5163407, 960170, 'MEDICINA GENERAL', 'Matutino', '08:00', '20:00', 15, 48, '', '', 69),
(84, 13680, 'DRA. SANDRA LILIA MARTINEZ ORTIZ', 'MAOS640427', 1855270, 364808, 'MEDICINA GENERAL', 'Matutino', '08:00', '20:00', 20, 48, '', '', 70),
(85, 13681, 'DR. VICENTE CRUZ MERA', 'CUMV771117', 4259563, 960091, 'MEDICINA GENERAL', 'Matutino', '08:00', '20:00', 15, 48, '', '', 71),
(86, 13682, 'DR. ELIO ROBERTO MERA GARCIA', 'MEGE810525', 6837077, 960188, 'MEDICINA GENERAL', 'Matutino', '08:00', '20:00', 15, 48, '', '', 72),
(87, 13683, 'DRA. LETICIA FERNANDEZ MUÑOZ', 'FEML841227', 7161055, 960197, 'MEDICINA GENERAL', 'Matutino', '08:00', '20:00', 15, 48, '', '', 73),
(88, 13684, 'DR. ROMAN ANGELES ESPARZA', 'AEER880426', 8922813, 960234, 'MEDICINA GENERAL', 'Matutino', '08:00', '20:00', 15, 48, '', '', 74),
(89, 13685, 'DR. RUBEN MARTINEZ ALARCON', 'MAAR791229', 5626327, 366072, 'PSICOLOGIA', 'Matutino', '08:00', '14:20', 20, 19, '', '', 75),
(90, 13686, 'DR. JORGE ANTONIO WOOD VARGAS', 'WOVJ500622', 3444117, 180718, 'GERIATRIA', 'Matutino', '10:00', '17:00', 15, 28, '', '', 76),
(91, 13687, 'DRA. DZOHARA ELIUD SUSANA URIBE GONZALEZ', 'UIGD790811', 5509472, 295652, 'NUTRIOLOGIA', 'Matutino', '08:00', '14:20', 20, 19, '', '', 77),
(92, 13688, 'DRA. MONICA GUADALUPE BECERRA QUIROZ', 'BEQM650520', 1663949, 223769, 'MEDICINA GENERAL', 'Matutino', '08:00', '20:00', 15, 48, '', '', 78),
(93, 0, 'DRA. VIOLETA JUDITH HERRERA TAPIA', '', 0, 0, '', '', '', '', 0, 0, '', 'DIRECTORA', 78),
(94, 10266, 'SIN MÉDICO', '', 0, 0, 'MEDICINA FAMILIAR', 'MATUTINO', '08:00', '08:00', 20, 0, 'INHABILITADO', '', 4),
(95, 10153, 'DR. JULIO FERNANDO CRUZ BELLO ', 'CUBJ750125', 4795332, 329039, 'MEDICINA FAMILIAR', 'VESPERTINO', '14:00', '20:00', 20, 18, 'ANEXO 1', '', 4),
(96, 10232, 'DRA. MARIA GABRIELA HIDALGO SÁNCHEZ', 'HISG590324', 3223526, 189089, 'MEDICINA FAMILIAR', 'MATUTINO', '07:00', '15:00', 20, 24, 'ANEXO 2', '', 5),
(97, 0, 'SIN MÉDICO', '', 0, 0, 'MEDICINA FAMILIAR', 'VESPERTINO', '14:00', '14:00', 20, 0, 'INHABILITADO', '', 5),
(98, 10146, 'DR. MARCOS DURAN EMILIANO', 'DUEM581021', 1547564, 240937, 'MEDICINA FAMILIAR', 'MATUTINO', '08:00', '16:00', 20, 24, 'ANEXO 3', '', 6),
(99, 0, 'SIN MÉDICO', '', 0, 0, 'MEDICINA FAMILIAR', 'VESPERTINO', '14:00', '14:00', 20, 0, 'INHABILITADO', '', 6),
(100, 10110, 'DR. ALEJANDRO HERNÁNDEZ MENDOZA', 'HEMA560724', 1237306, 189091, 'MEDICINA FAMILIAR', 'MATUTINO', '08:00', '14:00', 20, 18, 'ANEXO 4', '', 7),
(101, 0, 'SIN MÉDICO', '', 0, 0, 'MEDICINA FAMILIAR', 'VESPERTINO', '14:00', '14:00', 20, 0, 'INHABILITADO', '', 7),
(102, 0, 'SIN MÉDICO', '', 0, 0, 'MEDICINA FAMILIAR', 'MATUTINO', '08:00', '08:00', 20, 0, 'INHABILITADO', '', 8),
(103, 10193, 'DR. GUILLERMO HERNÁNDEZ VARGAS', 'HEMA560724', 1237306, 334636, 'MEDICINA FAMILIAR', 'VESPERTINO', '12:00', '20:00', 20, 18, 'ANEXO 5', '', 8),
(104, 10175, 'SIN MÉDICO', '', 0, 0, 'MEDICINA FAMILIAR', 'MATUTINO', '08:00', '08:00', 20, 0, 'INHABILITADO', '', 9),
(105, 10145, 'DR. SABINO RAMIREZ OLEA ', 'RAOS760130', 3161705, 338370, 'MEDICINA FAMILIAR', 'VESPERTINO', '12:00', '20:00', 20, 24, 'ANEXO 6', '', 9),
(106, 10228, 'DR. MARIO ALBERTO ROBLES GONZÁLEZ', 'ROGM550217', 757077, 252436, 'MEDICINA FAMILIAR', 'MATUTINO', '08:00', '14:00', 20, 18, '\"ANEXO 1\r\n(JULIO A DICIEMBRE)\"', '', 10),
(107, 9943, 'DR. ALEJANDRO ARTURO RODRIGUEZ ORTIZ ', 'ROOA550501', 873256, 103711, 'MEDICINA FAMILIAR', 'VESPERTINO', '14:00', '20:00', 20, 18, '\"ANEXO 1\r\n(JULIO A DICIEMBRE)\"', '', 10),
(108, 10263, 'DR. DAVID ALEJANDRO RIVAS RIVERA ', 'RIRD810123', 10300986, 375400, 'MEDICINA FAMILIAR', 'MATUTINO', '08:00', '14:00', 20, 18, 'ANEXO 7', '', 11),
(109, 10120, 'DR. JUAN JAVIER CABRERA HERNÁNDEZ', 'CAHJ590516', 1102486, 247709, 'MEDICINA FAMILIAR', 'VESPERTINO', '14:00', '20:00', 20, 18, 'ANEXO 7', '', 11),
(110, 10136, 'SIN MEDICO ', '', 0, 0, 'MEDICINA FAMILIAR', 'MATUTINO', '08:00', '08:00', 20, 0, 'INHABILITADO', '', 12),
(111, 10155, 'DR. EDEN ERNESTO SALCIDO ZAMBRANO', 'SAZE821014', 6276325, 368962, 'MEDICINA FAMILIAR', 'VESPERTINO', '14:00', '20:00', 20, 18, 'ANEXO 8', '', 12),
(112, 10190, 'DR. BENJAMÍN MORALES TORRES', 'MOTB670421', 2937002, 281438, 'MEDICINA FAMILIAR', 'MATUTINO', '08:00', '14:00', 20, 24, 'ANEXO 9', '', 13),
(113, 0, 'SIN MÉDICO', '', 0, 0, 'MEDICINA FAMILIAR', 'VESPERTINO', '14:00', '14:00', 20, 0, 'INHABILITADO', '', 13),
(114, 10158, 'DR. JAIME HERREJON GARCIA ', 'HEGJ570918', 1099589, 230964, 'MEDICINA FAMILIAR', 'MATUTINO', '08:00', '14:00', 20, 18, 'ANEXO 10', '', 14),
(115, 10164, 'SIN MÉDICO', '', 0, 0, 'MEDICINA FAMILIAR', 'VESPERTINO', '14:00', '14:00', 20, 0, 'INHABILITADO', '', 14),
(116, 10177, 'DRA. JESSICA EDITH MARTINEZ RIVERA ', 'MARJ830221', 6159865, 337586, 'MEDICINA FAMILIAR', 'MATUTINO', '07:00', '13:00', 20, 18, 'ANEXO 11', '', 15),
(117, 0, 'SIN MÉDICO', '', 0, 0, 'MEDICINA FAMILIAR', 'VESPERTINO', '14:00', '14:00', 20, 0, 'INHABILITADO', '', 15),
(118, 10194, 'C.D. BERTHA BERENICE MENDOZA ALMARAZ ', 'MEAB791004', 396927, 309810, 'ODONTOLOGIA', 'MATUTINO', '08:00', '14:00', 30, 12, 'ABIERTO', '', 16),
(119, 0, 'SIN MÉDICO', '', 0, 0, 'ODONTOLOGIA', 'VESPERTINO', '14:00', '14:00', 30, 0, 'INHABILITADO', '', 16),
(120, 10242, 'DRA. PATRICIA SIERRA CORRAL', 'SICP731201', 5492054, 243486, 'ODONTOLOGIA', 'MATUTINO', '08:00', '14:00', 30, 12, 'ABIERTO', '', 17),
(121, 0, 'SIN MÉDICO', '', 0, 0, 'ODONTOLOGIA', 'VESPERTINO', '14:00', '14:00', 30, 0, 'INHABILITADO', '', 17),
(123, 0, 'DR. JAVIER EDMUNDO LEDESMA GONZÁLEZ', '', 0, 0, '', '', '', '', 0, 0, '', 'DIRECTOR', 17),
(124, 13621, 'DR. MENDOZA BENÍTEZ DELFINO', 'MEBD890506', 8439586, 382112, 'MEDICINA FAMILIAR', 'MATUTINO', '08:00', '14:00', 15, 24, 'ABIERTO', '', 18),
(125, 0, '-', '-', 0, 0, '', '-', '-', '-', 0, 0, '', '', 18),
(126, 13622, 'DRA. LUGO MENDOZA ROSA DARIA', 'LUMR700525', 2264202, 900077, 'MEDICINA FAMILIAR', 'MATUTINO', '08:00', '14:00', 15, 24, 'ABIERTO', '', 19),
(127, 0, '-', '-', 0, 0, '-', '-', '-', '-', 0, 0, 'ABIERTO', '', 19),
(128, 0, '-', '-', 0, 0, '-', '-', '-', '-', 0, 0, 'ABIERTO', '', 20),
(129, 13623, 'DR. HERNANDEZ PEREZ MANUEL', 'PEHM950615', 12622356, 902556, 'MEDICINA FAMILIAR', 'VESPERTINO', '12:00', '18:00', 15, 24, 'ABIERTO', '', 20),
(130, 0, '-', '-', 0, 0, '-', '-', '-', '-', 0, 0, 'ABIERTO', '', 21),
(131, 13624, 'DRA. CORDERO LOPEZ YURIDIA VIANEY ', 'COLY890514', 9523732, 902195, 'MEDICINA FAMILIAR', 'VESPERTINO', '15:00', '21:00', 15, 24, 'ABIERTO', '', 21),
(132, 13625, 'DR. CABRERA MONROY BENJAMÍN', 'CAMB610714', 868913, 237420, 'ODONTOLOGÍA', 'MATUTINO', '08:00', '14:00', 30, 12, 'ABIERTO', '', 22),
(133, 0, '-', '-', 0, 0, '-', '-', '-', '-', 0, 0, 'ABIERTO', '', 22),
(134, 0, 'DR. DELFINO MENDOZA BENÍTEZ', '', 0, 0, '', '', '', '', 0, 0, '', 'RESPONSABLE DE LA UNIDAD	', 22),
(135, 14480, 'DR. JESÚS FLORES CÁRDENAS', 'FOCJ740523276', 3500110, 360671, 'MEDICINA FAMILIAR', 'MATUTINO', '07:00', '13:00', 15, 24, 'ANEXO 1', '', 28),
(136, 14481, 'DR. HUMBERTO SOLACHE RENTERÍA ', 'SORH651210F10', 2332536, 272313, 'MEDICINA FAMILIAR', 'VESPERTINO', '14:00', '20:00', 15, 24, 'ANEXO 2', '', 29),
(137, 14482, 'DRA. YARMIL RIVERA MARTÍNEZ', 'RIMY850213UK6', 10827685, -1, 'ODONTOLOGÍA', 'MATUTINO', '08:00', '14:00', 30, 12, 'ABIERTO', '', 30),
(138, 14487, 'DRA. LIZBETH GABRIELA HERNÁNDEZ DELGADO ', 'HEDL780905GU3', 11569601, -1, 'MEDICINA GENERAL', 'MATUTINO', '08:00', '14:00', 15, 24, 'DESAHOGADOR', '', 31),
(139, 14479, 'DRA. ANABEL BANDA INCLAN ', 'BAIA870306P64', 8042497, 386661, 'MEDICINA GENERAL', 'MATUTINO', '08:00', '11:00', 15, 12, 'DESAHOGADOR Y RESPONSABLE DE LA UNIDAD', 'RESPONSABLE DE LA UNIDAD', 32),
(140, 14488, 'DR. ARELLANO VAZQUEZ FEDERICO', 'AEVF830331', 6599273, 901502, 'MEDICINA FAMILIAR', 'MATUTINO', '08:00', '12:00', 15, 16, 'ABIERTO', '', 33),
(141, 13995, 'DRA. ALVAREZ ZAVALA MARÍA DE LOURDES', 'AAZL860210', 7647776, 901812, 'MEDICINA FAMILIAR', 'VESPERTINO ', '14:00', '18:00', 15, 16, 'ABIERTO\r\n', '', 33),
(142, 0, 'DRA. MARIA DE LOURDES ALVAREZ ZAVALA', '', 0, 0, '', '', '', '', 0, 0, '', 'RESPONSABLE DE LA UNIDAD', 33),
(143, 14483, 'DR.  CRISTHIAN CRUZ MARCHAND ', 'CUMC92062600', 11770534, 920626, 'MEDICINA FAMILIAR', 'MATUTINO', '08:00', '14:00', 15, 24, 'ANEXO 01', '', 34),
(144, 14484, 'DR. JESUS LÓPEZ DANIEL', 'LODJ530205', 540647, 269641, 'MEDICINA FAMILIAR', 'VESPERTINO', '14:00', '20:00', 15, 24, 'ANEXO 02', '', 35),
(145, 14013, 'DRA. YESLY CRYSTAL VAZQUEZ GALVEZ', 'VAGY840519', 9357363, 377455, 'MEDICINA GENERAL', 'MATUTINO', '08:00', '14:00', 15, 24, 'Deshogador', 'RESPONSABLE DE LA UNIDAD', 36),
(146, 14015, 'DR. CARLOS EDUARDO MARTIENEZ VIELMA', 'MAVC9306206F1', 11810523, 960268, 'MEDICINA GENERAL', 'VESPERTINO', '14:00', '20:00', 15, 24, 'Deshogador', '', 37);

-- --------------------------------------------------------

--
-- Estructura de tabla para la tabla `unidadmedica`
--

CREATE TABLE `unidadmedica` (
  `id` int(11) NOT NULL,
  `ct` int(11) NOT NULL,
  `aux` int(11) NOT NULL,
  `nom_unidadmedica` varchar(50) NOT NULL,
  `fecha_creacion` varchar(20) NOT NULL,
  `id_delegacion` int(11) NOT NULL,
  `id_medico` int(11) NOT NULL
) ENGINE=InnoDB DEFAULT CHARSET=utf8mb4;

--
-- Volcado de datos para la tabla `unidadmedica`
--

INSERT INTO `unidadmedica` (`id`, `ct`, `aux`, `nom_unidadmedica`, `fecha_creacion`, `id_delegacion`, `id_medico`) VALUES
(1, 208, 0, 'CMF.  MIXQUIAHUALA', '02/02/2022', 2, 93),
(2, 211, 0, 'C.M.F.E.Q. XALOSTOC', '21/07/2021', 3, 123),
(3, 204, 1, 'UMF ACTOPAN', '04/03/2022', 2, 134),
(4, 210, 1, 'UMF AMECAMECA', '09/03/2022', 3, 139),
(5, 204, 6, 'UMF MINERAL DEL MONTE', '01/03/2022', 2, 142),
(6, 208, 1, 'UMF. TEPATEPEC', '10/03/2022', 2, 145),
(7, 210, 0, 'CMF. DIVISION DEL NORTE', '12/04/2022', 1, 70);

--
-- Índices para tablas volcadas
--

--
-- Indices de la tabla `consultorio`
--
ALTER TABLE `consultorio`
  ADD PRIMARY KEY (`id`),
  ADD KEY `unidadMedica01` (`id_unidadmedica`);

--
-- Indices de la tabla `delegaciones`
--
ALTER TABLE `delegaciones`
  ADD PRIMARY KEY (`id`);

--
-- Indices de la tabla `medico`
--
ALTER TABLE `medico`
  ADD PRIMARY KEY (`id`),
  ADD KEY `consultorio` (`id_consultorio`);

--
-- Indices de la tabla `unidadmedica`
--
ALTER TABLE `unidadmedica`
  ADD PRIMARY KEY (`id`),
  ADD KEY `delegacion01` (`id_delegacion`),
  ADD KEY `encargadoUnidad` (`id_medico`);

--
-- AUTO_INCREMENT de las tablas volcadas
--

--
-- AUTO_INCREMENT de la tabla `consultorio`
--
ALTER TABLE `consultorio`
  MODIFY `id` int(11) NOT NULL AUTO_INCREMENT, AUTO_INCREMENT=79;

--
-- AUTO_INCREMENT de la tabla `delegaciones`
--
ALTER TABLE `delegaciones`
  MODIFY `id` int(11) NOT NULL AUTO_INCREMENT, AUTO_INCREMENT=4;

--
-- AUTO_INCREMENT de la tabla `medico`
--
ALTER TABLE `medico`
  MODIFY `id` int(11) NOT NULL AUTO_INCREMENT, AUTO_INCREMENT=147;

--
-- AUTO_INCREMENT de la tabla `unidadmedica`
--
ALTER TABLE `unidadmedica`
  MODIFY `id` int(11) NOT NULL AUTO_INCREMENT, AUTO_INCREMENT=8;

--
-- Restricciones para tablas volcadas
--

--
-- Filtros para la tabla `consultorio`
--
ALTER TABLE `consultorio`
  ADD CONSTRAINT `unidadMedica01` FOREIGN KEY (`id_unidadmedica`) REFERENCES `unidadmedica` (`id`);

--
-- Filtros para la tabla `medico`
--
ALTER TABLE `medico`
  ADD CONSTRAINT `consultorio` FOREIGN KEY (`id_consultorio`) REFERENCES `consultorio` (`id`);

--
-- Filtros para la tabla `unidadmedica`
--
ALTER TABLE `unidadmedica`
  ADD CONSTRAINT `delegacion01` FOREIGN KEY (`id_delegacion`) REFERENCES `delegaciones` (`id`),
  ADD CONSTRAINT `encargadoUnidad` FOREIGN KEY (`id_medico`) REFERENCES `medico` (`id`);
COMMIT;

/*!40101 SET CHARACTER_SET_CLIENT=@OLD_CHARACTER_SET_CLIENT */;
/*!40101 SET CHARACTER_SET_RESULTS=@OLD_CHARACTER_SET_RESULTS */;
/*!40101 SET COLLATION_CONNECTION=@OLD_COLLATION_CONNECTION */;
